"FullName","Length"
"C:\Users\saiva\OneDrive\Desktop\Live project Online shoping\staticfiles\images\brutal-hipster-handsome-stylish-bearded-man-brown.jpg","12594439"
"C:\Users\saiva\OneDrive\Desktop\Live project Online shoping\static\images\bg.jpg","9889216"
"C:\Users\saiva\OneDrive\Desktop\Live project Online shoping\staticfiles\images\bg.jpg","9889216"
"C:\Users\saiva\OneDrive\Desktop\Live project Online shoping\static\images\menstshirts.jpg","6624693"
"C:\Users\saiva\OneDrive\Desktop\Live project Online shoping\staticfiles\images\menstshirts.jpg","6624693"
"C:\Users\saiva\OneDrive\Desktop\Live project Online shoping\staticfiles\images\Jeans collection showcase display, variety of stylish denim jeans in different washes and styles neatly arranged for retail presentation, modern denim fashion.jpg","3551769"
"C:\Users\saiva\OneDrive\Desktop\Live project Online shoping\staticfiles\images\Casual wear clothing showcase display, stylish everyday fashion items including jeans, t-shirts, sneakers, and casual accessories arranged attractively for retail presentation.jpg","3471682"
"C:\Users\saiva\OneDrive\Desktop\Live project Online shoping\staticfiles\images\Casual shirts collection showcase display, variety of stylish casual shirts in different colors and patterns neatly arranged for retail presentation, modern everyday fashion (1).jpg","3459639"
"C:\Users\saiva\OneDrive\Desktop\Live project Online shoping\staticfiles\images\portrait-handsome-confident-stylish-hipster-lambersexual-modelman-dressed-green-sweater-jeans-fashion-male-posing-studio-near-blue-wall.jpg","3324640"
"C:\Users\saiva\OneDrive\Desktop\Live project Online shoping\staticfiles\images\Casual wear clothing showcase display, stylish everyday fashion items including jeans, t-shirts, sneakers, and casual accessories arranged attractively for retail presentation (1).jpg","3124145"
"C:\Users\saiva\OneDrive\Desktop\Live project Online shoping\static\images\women-ethnic.png","2844511"
"C:\Users\saiva\OneDrive\Desktop\Live project Online shoping\staticfiles\images\women-ethnic.png","2844511"
"C:\Users\saiva\OneDrive\Desktop\Live project Online shoping\staticfiles\images\Formal wear clothing showcase display featuring elegant suits, plain formal dress shirts in various colors, ties, formal trousers, formal shoes and accessories arranged professionally for retail presentation, sophi.jpg","2838519"
"C:\Users\saiva\OneDrive\Desktop\Live project Online shoping\staticfiles\images\kids.png","2817527"
"C:\Users\saiva\OneDrive\Desktop\Live project Online shoping\static\images\kids.png","2817527"
"C:\Users\saiva\OneDrive\Desktop\Live project Online shoping\static\images\mens_jeans.png","2815545"
"C:\Users\saiva\OneDrive\Desktop\Live project Online shoping\staticfiles\images\mens_jeans.png","2815545"
"C:\Users\saiva\OneDrive\Desktop\Live project Online shoping\static\images\loginbg.jpg","2702083"
"C:\Users\saiva\OneDrive\Desktop\Live project Online shoping\staticfiles\images\loginbg.jpg","2702083"
"C:\Users\saiva\OneDrive\Desktop\Live project Online shoping\static\images\women-footwear.png","2675124"
"C:\Users\saiva\OneDrive\Desktop\Live project Online shoping\staticfiles\images\women-footwear.png","2675124"
"C:\Users\saiva\OneDrive\Desktop\Live project Online shoping\static\images\men.png","2627583"
"C:\Users\saiva\OneDrive\Desktop\Live project Online shoping\staticfiles\images\men.png","2627583"
"C:\Users\saiva\OneDrive\Desktop\Live project Online shoping\static\images\women.png","2438677"
"C:\Users\saiva\OneDrive\Desktop\Live project Online shoping\staticfiles\images\women.png","2438677"
"C:\Users\saiva\OneDrive\Desktop\Live project Online shoping\staticfiles\images\mens_shoes.png","2423890"
"C:\Users\saiva\OneDrive\Desktop\Live project Online shoping\static\images\mens_shoes.png","2423890"
"C:\Users\saiva\OneDrive\Desktop\Live project Online shoping\static\images\women-western.png","2416460"
"C:\Users\saiva\OneDrive\Desktop\Live project Online shoping\staticfiles\images\women-western.png","2416460"
"C:\Users\saiva\OneDrive\Desktop\Live project Online shoping\static\images\women_footwear_bg.jpg","2403465"
"C:\Users\saiva\OneDrive\Desktop\Live project Online shoping\staticfiles\images\women_footwear_bg.jpg","2403465"
"C:\Users\saiva\OneDrive\Desktop\Live project Online shoping\static\images\kids-footwear.png","2310223"
"C:\Users\saiva\OneDrive\Desktop\Live project Online shoping\staticfiles\images\kids-footwear.png","2310223"
"C:\Users\saiva\OneDrive\Desktop\Live project Online shoping\static\images\mens_shirts.png","2298720"
"C:\Users\saiva\OneDrive\Desktop\Live project Online shoping\staticfiles\images\mens_shirts.png","2298720"
"C:\Users\saiva\OneDrive\Desktop\Live project Online shoping\static\images\kids-toys.png","2278568"
"C:\Users\saiva\OneDrive\Desktop\Live project Online shoping\staticfiles\images\kids-toys.png","2278568"
"C:\Users\saiva\OneDrive\Desktop\Live project Online shoping\staticfiles\images\women-footwear1.png","2233537"
"C:\Users\saiva\OneDrive\Desktop\Live project Online shoping\static\images\women-footwear1.png","2233537"
"C:\Users\saiva\OneDrive\Desktop\Live project Online shoping\staticfiles\images\kids-dresses.png","2157596"
"C:\Users\saiva\OneDrive\Desktop\Live project Online shoping\static\images\kids-dresses.png","2157596"
"C:\Users\saiva\OneDrive\Desktop\Live project Online shoping\static\images\headphones.png","2116245"
"C:\Users\saiva\OneDrive\Desktop\Live project Online shoping\staticfiles\images\headphones.png","2116245"
"C:\Users\saiva\OneDrive\Desktop\Live project Online shoping\static\images\kids_bg.png","1921356"
"C:\Users\saiva\OneDrive\Desktop\Live project Online shoping\staticfiles\images\banner.png","1921356"
"C:\Users\saiva\OneDrive\Desktop\Live project Online shoping\staticfiles\images\kids_bg.png","1921356"
"C:\Users\saiva\OneDrive\Desktop\Live project Online shoping\staticfiles\images\women-bags.png","1880617"
"C:\Users\saiva\OneDrive\Desktop\Live project Online shoping\static\images\women-bags.png","1880617"
"C:\Users\saiva\OneDrive\Desktop\Live project Online shoping\static\images\kids-tshirts.png","1816825"
"C:\Users\saiva\OneDrive\Desktop\Live project Online shoping\staticfiles\images\kids-tshirts.png","1816825"
"C:\Users\saiva\OneDrive\Desktop\Live project Online shoping\staticfiles\images\mens_accessories.png","1528568"
"C:\Users\saiva\OneDrive\Desktop\Live project Online shoping\static\images\mens_accessories.png","1528568"
"C:\Users\saiva\OneDrive\Desktop\Live project Online shoping\staticfiles\images\mens_tshirts.png","1391803"
"C:\Users\saiva\OneDrive\Desktop\Live project Online shoping\static\images\mens_tshirts.png","1391803"
"C:\Users\saiva\OneDrive\Desktop\Live project Online shoping\static\images\jeansbg.jpg","1298551"
"C:\Users\saiva\OneDrive\Desktop\Live project Online shoping\staticfiles\images\jeansbg.jpg","1298551"
"C:\Users\saiva\OneDrive\Desktop\Live project Online shoping\staticfiles\images\kidsbg.jpg","1213129"
"C:\Users\saiva\OneDrive\Desktop\Live project Online shoping\static\images\kidsbg.jpg","1213129"
"C:\Users\saiva\OneDrive\Desktop\Live project Online shoping\staticfiles\images\logo.png","1178619"
"C:\Users\saiva\OneDrive\Desktop\Live project Online shoping\static\images\logo.png","1178619"
"C:\Users\saiva\OneDrive\Desktop\Live project Online shoping\staticfiles\images\homebg.jpg","773195"
"C:\Users\saiva\OneDrive\Desktop\Live project Online shoping\static\images\homebg.jpg","773195"
"C:\Users\saiva\OneDrive\Desktop\Live project Online shoping\staticfiles\images\Design.jpg","630009"
"C:\Users\saiva\OneDrive\Desktop\Live project Online shoping\static\images\shirt.jpg","489466"
"C:\Users\saiva\OneDrive\Desktop\Live project Online shoping\staticfiles\images\shirt.jpg","489466"
"C:\Users\saiva\OneDrive\Desktop\Live project Online shoping\static\images\QrCode.jpeg","395648"
"C:\Users\saiva\OneDrive\Desktop\Live project Online shoping\staticfiles\images\QrCode.jpeg","395648"
"C:\Users\saiva\OneDrive\Desktop\Live project Online shoping\static\images\womenbg.jpg","354790"
"C:\Users\saiva\OneDrive\Desktop\Live project Online shoping\staticfiles\images\womenbg.jpg","354790"
"C:\Users\saiva\OneDrive\Desktop\Live project Online shoping\staticfiles\images\Polo Shirts Showcase.jpg","266522"
"C:\Users\saiva\OneDrive\Desktop\Live project Online shoping\staticfiles\images\Casual Wear Showcase Card.jpg","237146"
"C:\Users\saiva\OneDrive\Desktop\Live project Online shoping\static\images\kids-footwear.webp","222928"
"C:\Users\saiva\OneDrive\Desktop\Live project Online shoping\staticfiles\images\kids-footwear.webp","222928"
"C:\Users\saiva\OneDrive\Desktop\Live project Online shoping\staticfiles\images\Formal Wear Showcase.jpg","216082"
"C:\Users\saiva\OneDrive\Desktop\Live project Online shoping\staticfiles\images\kids-toys.webp","212228"
"C:\Users\saiva\OneDrive\Desktop\Live project Online shoping\static\images\kids-toys.webp","212228"
"C:\Users\saiva\OneDrive\Desktop\Live project Online shoping\staticfiles\rest_framework\fonts\fontawesome-webfont.svg","202148"
"C:\Users\saiva\OneDrive\Desktop\Live project Online shoping\static\images\kids-dresses.webp","182986"
"C:\Users\saiva\OneDrive\Desktop\Live project Online shoping\staticfiles\images\kids-dresses.webp","182986"
"C:\Users\saiva\OneDrive\Desktop\Live project Online shoping\staticfiles\images\westernware.jpg","170452"
"C:\Users\saiva\OneDrive\Desktop\Live project Online shoping\static\images\westernware.jpg","170452"
"C:\Users\saiva\OneDrive\Desktop\Live project Online shoping\staticfiles\images\kidstoysbg.jpg","164386"
"C:\Users\saiva\OneDrive\Desktop\Live project Online shoping\static\images\kidstoysbg.jpg","164386"
"C:\Users\saiva\OneDrive\Desktop\Live project Online shoping\staticfiles\images\Polo_T-Shirt_Banner.png","148598"
"C:\Users\saiva\OneDrive\Desktop\Live project Online shoping\staticfiles\images\summer-sc-4.jpg","137864"
"C:\Users\saiva\OneDrive\Desktop\Live project Online shoping\static\images\mens_jeans.webp","116432"
"C:\Users\saiva\OneDrive\Desktop\Live project Online shoping\staticfiles\images\mens_jeans.webp","116432"
"C:\Users\saiva\OneDrive\Desktop\Live project Online shoping\staticfiles\images\women-bags.webp","114310"
"C:\Users\saiva\OneDrive\Desktop\Live project Online shoping\static\images\women-bags.webp","114310"
"C:\Users\saiva\OneDrive\Desktop\Live project Online shoping\static\images\women-western-dress_image4.jpg","113479"
"C:\Users\saiva\OneDrive\Desktop\Live project Online shoping\staticfiles\images\women-western-dress_image4.jpg","113479"
"C:\Users\saiva\OneDrive\Desktop\Live project Online shoping\staticfiles\rest_framework\fonts\glyphicons-halflings-regular.svg","108738"
"C:\Users\saiva\OneDrive\Desktop\Live project Online shoping\static\images\jeansbg.webp","105726"
"C:\Users\saiva\OneDrive\Desktop\Live project Online shoping\staticfiles\images\jeansbg.webp","105726"
"C:\Users\saiva\OneDrive\Desktop\Live project Online shoping\staticfiles\images\Joggers.webp","102978"
"C:\Users\saiva\OneDrive\Desktop\Live project Online shoping\static\images\seg2.png","100497"
"C:\Users\saiva\OneDrive\Desktop\Live project Online shoping\staticfiles\images\seg2.png","100497"
"C:\Users\saiva\OneDrive\Desktop\Live project Online shoping\staticfiles\images\women_footwear_bg.webp","92152"
"C:\Users\saiva\OneDrive\Desktop\Live project Online shoping\static\images\women_footwear_bg.webp","92152"
"C:\Users\saiva\OneDrive\Desktop\Live project Online shoping\staticfiles\images\logo1.png","90281"
"C:\Users\saiva\OneDrive\Desktop\Live project Online shoping\static\images\logo1.png","90281"
"C:\Users\saiva\OneDrive\Desktop\Live project Online shoping\staticfiles\images\kids-tshirts.webp","86418"
"C:\Users\saiva\OneDrive\Desktop\Live project Online shoping\static\images\kids-tshirts.webp","86418"
"C:\Users\saiva\OneDrive\Desktop\Live project Online shoping\staticfiles\images\women-western-dress_image3.jpg","82361"
"C:\Users\saiva\OneDrive\Desktop\Live project Online shoping\static\images\women-western-dress_image2.jpg","82361"
"C:\Users\saiva\OneDrive\Desktop\Live project Online shoping\staticfiles\images\women-western-dress_image2.jpg","82361"
"C:\Users\saiva\OneDrive\Desktop\Live project Online shoping\static\images\women-western-dress_image3.jpg","82361"
"C:\Users\saiva\OneDrive\Desktop\Live project Online shoping\static\images\women-ethnic.webp","79764"
"C:\Users\saiva\OneDrive\Desktop\Live project Online shoping\staticfiles\images\women-ethnic.webp","79764"
"C:\Users\saiva\OneDrive\Desktop\Live project Online shoping\staticfiles\images\Blazer Sizes.jpg","78968"
"C:\Users\saiva\OneDrive\Desktop\Live project Online shoping\staticfiles\images\homebg.webp","75842"
"C:\Users\saiva\OneDrive\Desktop\Live project Online shoping\static\images\homebg.webp","75842"
"C:\Users\saiva\OneDrive\Desktop\Live project Online shoping\static\images\kids.webp","73912"
"C:\Users\saiva\OneDrive\Desktop\Live project Online shoping\staticfiles\images\kids.webp","73912"
"C:\Users\saiva\OneDrive\Desktop\Live project Online shoping\static\images\ethicwearebg.jpeg","73460"
"C:\Users\saiva\OneDrive\Desktop\Live project Online shoping\staticfiles\images\ethicwearebg.jpeg","73460"
"C:\Users\saiva\OneDrive\Desktop\Live project Online shoping\static\images\kidsfootware.jpeg","71867"
"C:\Users\saiva\OneDrive\Desktop\Live project Online shoping\staticfiles\images\kidsfootware.jpeg","71867"
"C:\Users\saiva\OneDrive\Desktop\Live project Online shoping\staticfiles\images\man-trendy-fashion-clothes-collage-white_1199132-214720.jpg","69923"
"C:\Users\saiva\OneDrive\Desktop\Live project Online shoping\static\images\mens_shirts.webp","69444"
"C:\Users\saiva\OneDrive\Desktop\Live project Online shoping\staticfiles\images\mens_shirts.webp","69444"
"C:\Users\saiva\OneDrive\Desktop\Live project Online shoping\static\images\loginlogo.png","68662"
"C:\Users\saiva\OneDrive\Desktop\Live project Online shoping\staticfiles\images\loginlogo.png","68662"
"C:\Users\saiva\OneDrive\Desktop\Live project Online shoping\static\images\men.webp","64780"
"C:\Users\saiva\OneDrive\Desktop\Live project Online shoping\staticfiles\images\men.webp","64780"
"C:\Users\saiva\OneDrive\Desktop\Live project Online shoping\staticfiles\images\women-ethnic-kurta_image4_1.jpg","62504"
"C:\Users\saiva\OneDrive\Desktop\Live project Online shoping\static\images\women-ethnic-kurta_image4_1.jpg","62504"
"C:\Users\saiva\OneDrive\Desktop\Live project Online shoping\static\images\women-ethnic-kurta_image1_1.jpg","61202"
"C:\Users\saiva\OneDrive\Desktop\Live project Online shoping\staticfiles\images\women-ethnic-kurta_image1_1.jpg","61202"
"C:\Users\saiva\OneDrive\Desktop\Live project Online shoping\staticfiles\images\paymeny.jpeg","57571"
"C:\Users\saiva\OneDrive\Desktop\Live project Online shoping\static\images\paymeny.jpeg","57571"
"C:\Users\saiva\OneDrive\Desktop\Live project Online shoping\staticfiles\images\Types-of-Polo-Shirts-1024x552 (1).webp","55150"
"C:\Users\saiva\OneDrive\Desktop\Live project Online shoping\staticfiles\images\Types-of-Polo-Shirts-1024x552.webp","55150"
"C:\Users\saiva\OneDrive\Desktop\Live project Online shoping\staticfiles\images\women.webp","54694"
"C:\Users\saiva\OneDrive\Desktop\Live project Online shoping\static\images\women.webp","54694"
"C:\Users\saiva\OneDrive\Desktop\Live project Online shoping\static\images\kidsbgdress.jpeg","54359"
"C:\Users\saiva\OneDrive\Desktop\Live project Online shoping\staticfiles\images\kidsbgdress.jpeg","54359"
"C:\Users\saiva\OneDrive\Desktop\Live project Online shoping\static\images\mens_shoes.webp","53912"
"C:\Users\saiva\OneDrive\Desktop\Live project Online shoping\staticfiles\images\mens_shoes.webp","53912"
"C:\Users\saiva\OneDrive\Desktop\Live project Online shoping\staticfiles\images\women-ethnic-kurta_image4.jpg","53470"
"C:\Users\saiva\OneDrive\Desktop\Live project Online shoping\static\images\women-ethnic-kurta_image4.jpg","53470"
"C:\Users\saiva\OneDrive\Desktop\Live project Online shoping\static\images\menstshirts.webp","51334"
"C:\Users\saiva\OneDrive\Desktop\Live project Online shoping\staticfiles\images\menstshirts.webp","51334"
"C:\Users\saiva\OneDrive\Desktop\Live project Online shoping\staticfiles\images\women-ethnic-kurta_image3_1.jpg","51128"
"C:\Users\saiva\OneDrive\Desktop\Live project Online shoping\static\images\women-ethnic-kurta_image3_1.jpg","51128"
"C:\Users\saiva\OneDrive\Desktop\Live project Online shoping\static\images\men_jeans_side.jpg","51117"
"C:\Users\saiva\OneDrive\Desktop\Live project Online shoping\staticfiles\images\mens_jeans_side.jpg","51117"
"C:\Users\saiva\OneDrive\Desktop\Live project Online shoping\staticfiles\images\men_jeans_side.jpg","51117"
"C:\Users\saiva\OneDrive\Desktop\Live project Online shoping\static\images\mens_jeans_side.jpg","51117"
"C:\Users\saiva\OneDrive\Desktop\Live project Online shoping\staticfiles\images\shorts.jpg","50982"
"C:\Users\saiva\OneDrive\Desktop\Live project Online shoping\staticfiles\images\mens_accessories.webp","50950"
"C:\Users\saiva\OneDrive\Desktop\Live project Online shoping\static\images\mens_accessories.webp","50950"
"C:\Users\saiva\OneDrive\Desktop\Live project Online shoping\staticfiles\images\women-ethnic-kurta_image3.jpg","50201"
"C:\Users\saiva\OneDrive\Desktop\Live project Online shoping\static\images\women-ethnic-kurta_image3.jpg","50201"
"C:\Users\saiva\OneDrive\Desktop\Live project Online shoping\staticfiles\images\women-footwear.webp","47332"
"C:\Users\saiva\OneDrive\Desktop\Live project Online shoping\static\images\women-footwear.webp","47332"
"C:\Users\saiva\OneDrive\Desktop\Live project Online shoping\static\images\kidsbg.webp","47152"
"C:\Users\saiva\OneDrive\Desktop\Live project Online shoping\staticfiles\images\kidsbg.webp","47152"
"C:\Users\saiva\OneDrive\Desktop\Live project Online shoping\staticfiles\images\women-ethnic-kurta_image2_1.jpg","46196"
"C:\Users\saiva\OneDrive\Desktop\Live project Online shoping\static\images\women-ethnic-kurta_image2_1.jpg","46196"
"C:\Users\saiva\OneDrive\Desktop\Live project Online shoping\staticfiles\images\men_shirt_black_closeup.jpg","45386"
"C:\Users\saiva\OneDrive\Desktop\Live project Online shoping\static\images\men_shirt_black_closeup.jpg","45386"
"C:\Users\saiva\OneDrive\Desktop\Live project Online shoping\staticfiles\images\kids_shoe_close.jpg","44983"
"C:\Users\saiva\OneDrive\Desktop\Live project Online shoping\static\images\kids_shoe_close.jpg","44983"
"C:\Users\saiva\OneDrive\Desktop\Live project Online shoping\static\images\kidstshirtsbg.jpeg","43661"
"C:\Users\saiva\OneDrive\Desktop\Live project Online shoping\staticfiles\images\kidstshirtsbg.jpeg","43661"
"C:\Users\saiva\OneDrive\Desktop\Live project Online shoping\staticfiles\images\women_footwear_back.jpg","43466"
"C:\Users\saiva\OneDrive\Desktop\Live project Online shoping\static\images\women_footwear_back.jpg","43466"
"C:\Users\saiva\OneDrive\Desktop\Live project Online shoping\staticfiles\images\women-ethnic-kurta_image2.jpg","42975"
"C:\Users\saiva\OneDrive\Desktop\Live project Online shoping\static\images\women-ethnic-kurta_image2.jpg","42975"
"C:\Users\saiva\OneDrive\Desktop\Live project Online shoping\staticfiles\images\kids-t-shirt_image3.jpg","41441"
"C:\Users\saiva\OneDrive\Desktop\Live project Online shoping\staticfiles\images\kids-t-shirt_image4_1.jpg","41441"
"C:\Users\saiva\OneDrive\Desktop\Live project Online shoping\static\images\kids-t-shirt_image4_1.jpg","41441"
"C:\Users\saiva\OneDrive\Desktop\Live project Online shoping\static\images\kids-t-shirt_image3.jpg","41441"
"C:\Users\saiva\OneDrive\Desktop\Live project Online shoping\staticfiles\images\women-western.webp","40530"
"C:\Users\saiva\OneDrive\Desktop\Live project Online shoping\static\images\women-western.webp","40530"
"C:\Users\saiva\OneDrive\Desktop\Live project Online shoping\staticfiles\images\women-western-dress_image4_1.jpg","40518"
"C:\Users\saiva\OneDrive\Desktop\Live project Online shoping\static\images\women-western-dress_image4_1.jpg","40518"
"C:\Users\saiva\OneDrive\Desktop\Live project Online shoping\staticfiles\images\phasmy.jpg","39584"
"C:\Users\saiva\OneDrive\Desktop\Live project Online shoping\static\images\women-footwear1.webp","39498"
"C:\Users\saiva\OneDrive\Desktop\Live project Online shoping\staticfiles\images\women-footwear1.webp","39498"
"C:\Users\saiva\OneDrive\Desktop\Live project Online shoping\staticfiles\images\kids-blue-t-shirt_image3.jpg","38613"
"C:\Users\saiva\OneDrive\Desktop\Live project Online shoping\static\images\kids-blue-t-shirt_image3.jpg","38613"
"C:\Users\saiva\OneDrive\Desktop\Live project Online shoping\staticfiles\images\MEN T-SHIRT SIDE.jpg","38078"
"C:\Users\saiva\OneDrive\Desktop\Live project Online shoping\static\images\women-western-dress_image1.jpg","37053"
"C:\Users\saiva\OneDrive\Desktop\Live project Online shoping\staticfiles\images\women-western-dress_image1.jpg","37053"
"C:\Users\saiva\OneDrive\Desktop\Live project Online shoping\staticfiles\images\jeans5.jpg","36819"
"C:\Users\saiva\OneDrive\Desktop\Live project Online shoping\static\images\jeans5.jpg","36819"
"C:\Users\saiva\OneDrive\Desktop\Live project Online shoping\staticfiles\images\women-ethnic-kurta_image1.jpg","36683"
"C:\Users\saiva\OneDrive\Desktop\Live project Online shoping\static\images\women-ethnic-kurta_image1.jpg","36683"
"C:\Users\saiva\OneDrive\Desktop\Live project Online shoping\static\images\kids_tshirt_close.jpg","33422"
"C:\Users\saiva\OneDrive\Desktop\Live project Online shoping\staticfiles\images\kids_tshirt_close.jpg","33422"
"C:\Users\saiva\OneDrive\Desktop\Live project Online shoping\staticfiles\images\MEN T-SHIRT.jpg","33117"
"C:\Users\saiva\OneDrive\Desktop\Live project Online shoping\staticfiles\images\mens_tshirts.webp","31296"
"C:\Users\saiva\OneDrive\Desktop\Live project Online shoping\static\images\mens_tshirts.webp","31296"
"C:\Users\saiva\OneDrive\Desktop\Live project Online shoping\staticfiles\images\51d8PCo3roL._SY879_.jpg","31243"
"C:\Users\saiva\OneDrive\Desktop\Live project Online shoping\staticfiles\images\women-sandals_image3.jpg","31091"
"C:\Users\saiva\OneDrive\Desktop\Live project Online shoping\static\images\women-sandals_image3.jpg","31091"
"C:\Users\saiva\OneDrive\Desktop\Live project Online shoping\static\images\men-blue-t-shirt_image4.jpg","30864"
"C:\Users\saiva\OneDrive\Desktop\Live project Online shoping\staticfiles\images\men-blue-t-shirt_image4.jpg","30864"
"C:\Users\saiva\OneDrive\Desktop\Live project Online shoping\staticfiles\images\T-shirt close.jpg","30864"
"C:\Users\saiva\OneDrive\Desktop\Live project Online shoping\static\images\T-shirt close.jpg","30864"
"C:\Users\saiva\OneDrive\Desktop\Live project Online shoping\static\images\headphones.webp","29884"
"C:\Users\saiva\OneDrive\Desktop\Live project Online shoping\staticfiles\images\headphones.webp","29884"
"C:\Users\saiva\OneDrive\Desktop\Live project Online shoping\static\images\kids_shoe_front.jpg","29300"
"C:\Users\saiva\OneDrive\Desktop\Live project Online shoping\staticfiles\images\kids_shoe_front.jpg","29300"
"C:\Users\saiva\OneDrive\Desktop\Live project Online shoping\static\images\women-sandals_image1.jpg","29247"
"C:\Users\saiva\OneDrive\Desktop\Live project Online shoping\staticfiles\images\women-sandals_image1.jpg","29247"
"C:\Users\saiva\OneDrive\Desktop\Live project Online shoping\staticfiles\images\MEN T-SHIRT CLOSEUP.jpg","29076"
"C:\Users\saiva\OneDrive\Desktop\Live project Online shoping\staticfiles\images\kids_shoe_side.jpg","28959"
"C:\Users\saiva\OneDrive\Desktop\Live project Online shoping\static\images\kids_shoe_side.jpg","28959"
"C:\Users\saiva\OneDrive\Desktop\Live project Online shoping\static\images\T-shirt.jpg","28841"
"C:\Users\saiva\OneDrive\Desktop\Live project Online shoping\staticfiles\images\men-blue-t-shirt_image1.jpg","28841"
"C:\Users\saiva\OneDrive\Desktop\Live project Online shoping\static\images\men-blue-t-shirt_image1.jpg","28841"
"C:\Users\saiva\OneDrive\Desktop\Live project Online shoping\staticfiles\images\T-shirt.jpg","28841"
"C:\Users\saiva\OneDrive\Desktop\Live project Online shoping\static\images\banner.webp","28672"
"C:\Users\saiva\OneDrive\Desktop\Live project Online shoping\staticfiles\images\banner.webp","28672"
"C:\Users\saiva\OneDrive\Desktop\Live project Online shoping\static\images\women-western-dress_image2_1.jpg","28430"
"C:\Users\saiva\OneDrive\Desktop\Live project Online shoping\staticfiles\images\women-western-dress_image2_1.jpg","28430"
"C:\Users\saiva\OneDrive\Desktop\Live project Online shoping\static\images\mens_jeans_close.jpg","28113"
"C:\Users\saiva\OneDrive\Desktop\Live project Online shoping\staticfiles\images\mens_jeans_close.jpg","28113"
"C:\Users\saiva\OneDrive\Desktop\Live project Online shoping\static\images\men-blue-t-shirt_image3.jpg","28046"
"C:\Users\saiva\OneDrive\Desktop\Live project Online shoping\staticfiles\images\men-blue-t-shirt_image3.jpg","28046"
"C:\Users\saiva\OneDrive\Desktop\Live project Online shoping\staticfiles\images\T-shirt back.jpg","28046"
"C:\Users\saiva\OneDrive\Desktop\Live project Online shoping\static\images\T-shirt back.jpg","28046"
"C:\Users\saiva\OneDrive\Desktop\Live project Online shoping\staticfiles\images\bg.webp","27932"
"C:\Users\saiva\OneDrive\Desktop\Live project Online shoping\static\images\bg.webp","27932"
"C:\Users\saiva\OneDrive\Desktop\Live project Online shoping\staticfiles\images\kids-blue-t-shirt_image1.jpg","27753"
"C:\Users\saiva\OneDrive\Desktop\Live project Online shoping\static\images\kids-blue-t-shirt_image1.jpg","27753"
"C:\Users\saiva\OneDrive\Desktop\Live project Online shoping\static\images\kids_shoe_back.jpg","25967"
"C:\Users\saiva\OneDrive\Desktop\Live project Online shoping\staticfiles\images\kids_shoe_back.jpg","25967"
"C:\Users\saiva\OneDrive\Desktop\Live project Online shoping\staticfiles\images\women-sandals_image4.jpg","25914"
"C:\Users\saiva\OneDrive\Desktop\Live project Online shoping\static\images\women-sandals_image4.jpg","25914"
"C:\Users\saiva\OneDrive\Desktop\Live project Online shoping\static\images\mens_jeans_back.jpg","25028"
"C:\Users\saiva\OneDrive\Desktop\Live project Online shoping\staticfiles\images\mens_jeans_back.jpg","25028"
"C:\Users\saiva\OneDrive\Desktop\Live project Online shoping\staticfiles\images\men-blue-t-shirt_image2.jpg","24961"
"C:\Users\saiva\OneDrive\Desktop\Live project Online shoping\static\images\men-blue-t-shirt_image2.jpg","24961"
"C:\Users\saiva\OneDrive\Desktop\Live project Online shoping\static\images\T-shirt side.jpg","24961"
"C:\Users\saiva\OneDrive\Desktop\Live project Online shoping\staticfiles\images\T-shirt side.jpg","24961"
"C:\Users\saiva\OneDrive\Desktop\Live project Online shoping\staticfiles\images\Blazer Front.jpg","24961"
"C:\Users\saiva\OneDrive\Desktop\Live project Online shoping\staticfiles\images\women-western-dress_image3_1.jpg","24448"
"C:\Users\saiva\OneDrive\Desktop\Live project Online shoping\static\images\women-western-dress_image3_1.jpg","24448"
"C:\Users\saiva\OneDrive\Desktop\Live project Online shoping\staticfiles\images\women-western-dress_image1_1.jpg","24142"
"C:\Users\saiva\OneDrive\Desktop\Live project Online shoping\static\images\women-western-dress_image1_1.jpg","24142"
"C:\Users\saiva\OneDrive\Desktop\Live project Online shoping\staticfiles\images\women-sandals_image2.jpg","23669"
"C:\Users\saiva\OneDrive\Desktop\Live project Online shoping\static\images\women-sandals_image2.jpg","23669"
"C:\Users\saiva\OneDrive\Desktop\Live project Online shoping\staticfiles\images\kids-t-shirt_image2.jpg","23104"
"C:\Users\saiva\OneDrive\Desktop\Live project Online shoping\static\images\kids-t-shirt_image2.jpg","23104"
"C:\Users\saiva\OneDrive\Desktop\Live project Online shoping\static\images\kids-t-shirt_image2_1.jpg","23104"
"C:\Users\saiva\OneDrive\Desktop\Live project Online shoping\staticfiles\images\kids-t-shirt_image2_1.jpg","23104"
"C:\Users\saiva\OneDrive\Desktop\Live project Online shoping\staticfiles\images\men_shirt_black_side.jpg","22792"
"C:\Users\saiva\OneDrive\Desktop\Live project Online shoping\static\images\men_shirt_black_side.jpg","22792"
"C:\Users\saiva\OneDrive\Desktop\Live project Online shoping\staticfiles\images\Blazer_Side.jpg","22564"
"C:\Users\saiva\OneDrive\Desktop\Live project Online shoping\staticfiles\images\logo.webp","22528"
"C:\Users\saiva\OneDrive\Desktop\Live project Online shoping\static\images\logo.webp","22528"
"C:\Users\saiva\OneDrive\Desktop\Live project Online shoping\staticfiles\images\kids-blue-t-shirt_image4.jpg","22418"
"C:\Users\saiva\OneDrive\Desktop\Live project Online shoping\static\images\kids-blue-t-shirt_image4.jpg","22418"
"C:\Users\saiva\OneDrive\Desktop\Live project Online shoping\static\images\kids_tshirt_side.jpg","22225"
"C:\Users\saiva\OneDrive\Desktop\Live project Online shoping\staticfiles\images\kids_tshirt_side.jpg","22225"
"C:\Users\saiva\OneDrive\Desktop\Live project Online shoping\static\images\kids-t-shirt_image1_1.jpg","21846"
"C:\Users\saiva\OneDrive\Desktop\Live project Online shoping\static\images\kids-t-shirt_image1.jpg","21846"
"C:\Users\saiva\OneDrive\Desktop\Live project Online shoping\staticfiles\images\kids-t-shirt_image1_1.jpg","21846"
"C:\Users\saiva\OneDrive\Desktop\Live project Online shoping\staticfiles\images\kids-t-shirt_image1.jpg","21846"
"C:\Users\saiva\OneDrive\Desktop\Live project Online shoping\static\images\women_footwear_front.jpg","21248"
"C:\Users\saiva\OneDrive\Desktop\Live project Online shoping\staticfiles\images\women_footwear_front.jpg","21248"
"C:\Users\saiva\OneDrive\Desktop\Live project Online shoping\staticfiles\images\kids_tshirt_back.jpg","21171"
"C:\Users\saiva\OneDrive\Desktop\Live project Online shoping\static\images\kids_tshirt_back.jpg","21171"
"C:\Users\saiva\OneDrive\Desktop\Live project Online shoping\staticfiles\images\kids-white-t-shirt_image1.jpg","21165"
"C:\Users\saiva\OneDrive\Desktop\Live project Online shoping\staticfiles\images\kids_shirt_front.jpg","21165"
"C:\Users\saiva\OneDrive\Desktop\Live project Online shoping\static\images\kids_shirt_front.jpg","21165"
"C:\Users\saiva\OneDrive\Desktop\Live project Online shoping\static\images\kids-white-t-shirt_image1.jpg","21165"
"C:\Users\saiva\OneDrive\Desktop\Live project Online shoping\staticfiles\images\mens_jeans_front.jpg","19509"
"C:\Users\saiva\OneDrive\Desktop\Live project Online shoping\static\images\mens_jeans_front.jpg","19509"
"C:\Users\saiva\OneDrive\Desktop\Live project Online shoping\staticfiles\images\women_footwear_close.jpg","19236"
"C:\Users\saiva\OneDrive\Desktop\Live project Online shoping\static\images\women_footwear_close.jpg","19236"
"C:\Users\saiva\OneDrive\Desktop\Live project Online shoping\staticfiles\images\men_shirt_black_front.jpg","18255"
"C:\Users\saiva\OneDrive\Desktop\Live project Online shoping\static\images\men_shirt_black_front.jpg","18255"
"C:\Users\saiva\OneDrive\Desktop\Live project Online shoping\static\images\kids_shirt_side.jpg","18189"
"C:\Users\saiva\OneDrive\Desktop\Live project Online shoping\static\images\kids-white-t-shirt_image2.jpg","18189"
"C:\Users\saiva\OneDrive\Desktop\Live project Online shoping\staticfiles\images\kids_shirt_side.jpg","18189"
"C:\Users\saiva\OneDrive\Desktop\Live project Online shoping\staticfiles\images\kids-white-t-shirt_image2.jpg","18189"
"C:\Users\saiva\OneDrive\Desktop\Live project Online shoping\static\images\men_shirt_black_back.jpg","18047"
"C:\Users\saiva\OneDrive\Desktop\Live project Online shoping\staticfiles\images\men_shirt_black_back.jpg","18047"
"C:\Users\saiva\OneDrive\Desktop\Live project Online shoping\static\images\womenbg.webp","17566"
"C:\Users\saiva\OneDrive\Desktop\Live project Online shoping\staticfiles\images\womenbg.webp","17566"
"C:\Users\saiva\OneDrive\Desktop\Live project Online shoping\static\images\kids_shirt_close.jpg","17419"
"C:\Users\saiva\OneDrive\Desktop\Live project Online shoping\staticfiles\images\kids-white-t-shirt_image4.jpg","17419"
"C:\Users\saiva\OneDrive\Desktop\Live project Online shoping\static\images\kids-white-t-shirt_image4.jpg","17419"
"C:\Users\saiva\OneDrive\Desktop\Live project Online shoping\staticfiles\images\kids_shirt_close.jpg","17419"
"C:\Users\saiva\OneDrive\Desktop\Live project Online shoping\static\images\kids_shirt_back.jpg","17319"
"C:\Users\saiva\OneDrive\Desktop\Live project Online shoping\staticfiles\images\kids-white-t-shirt_image3.jpg","17319"
"C:\Users\saiva\OneDrive\Desktop\Live project Online shoping\static\images\kids-white-t-shirt_image3.jpg","17319"
"C:\Users\saiva\OneDrive\Desktop\Live project Online shoping\staticfiles\images\kids_shirt_back.jpg","17319"
"C:\Users\saiva\OneDrive\Desktop\Live project Online shoping\staticfiles\images\Blazer back.jpg","16362"
"C:\Users\saiva\OneDrive\Desktop\Live project Online shoping\staticfiles\images\MEN T-SHIRT BACK.jpg","13861"
"C:\Users\saiva\OneDrive\Desktop\Live project Online shoping\staticfiles\rest_framework\img\glyphicons-halflings.png","12762"
"C:\Users\saiva\OneDrive\Desktop\Live project Online shoping\static\images\kids_tshirt_front.jpg","12736"
"C:\Users\saiva\OneDrive\Desktop\Live project Online shoping\staticfiles\images\kids_tshirt_front.jpg","12736"
"C:\Users\saiva\OneDrive\Desktop\Live project Online shoping\staticfiles\images\winter.webp","11854"
"C:\Users\saiva\OneDrive\Desktop\Live project Online shoping\staticfiles\images\kids-t-shirt_image4.jpg","10767"
"C:\Users\saiva\OneDrive\Desktop\Live project Online shoping\static\images\kids-t-shirt_image4.jpg","10767"
"C:\Users\saiva\OneDrive\Desktop\Live project Online shoping\static\images\kids-t-shirt_image3_1.jpg","10767"
"C:\Users\saiva\OneDrive\Desktop\Live project Online shoping\staticfiles\images\kids-t-shirt_image3_1.jpg","10767"
"C:\Users\saiva\OneDrive\Desktop\Live project Online shoping\staticfiles\images\images.jpeg","10690"
"C:\Users\saiva\OneDrive\Desktop\Live project Online shoping\staticfiles\images\long weare.webp","9592"
"C:\Users\saiva\OneDrive\Desktop\Live project Online shoping\staticfiles\images\women_footwear_side.jpg","9567"
"C:\Users\saiva\OneDrive\Desktop\Live project Online shoping\static\images\women_footwear_side.jpg","9567"
"C:\Users\saiva\OneDrive\Desktop\Live project Online shoping\staticfiles\rest_framework\img\glyphicons-halflings-white.png","8777"
"C:\Users\saiva\OneDrive\Desktop\Live project Online shoping\staticfiles\images\Kurtha.jpeg","7140"
"C:\Users\saiva\OneDrive\Desktop\Live project Online shoping\staticfiles\images\shopping.webp","7004"
"C:\Users\saiva\OneDrive\Desktop\Live project Online shoping\staticfiles\admin\img\selector-icons.svg","3291"
"C:\Users\saiva\OneDrive\Desktop\Live project Online shoping\staticfiles\admin\img\calendar-icons.svg","2455"
"C:\Users\saiva\OneDrive\Desktop\Live project Online shoping\staticfiles\rest_framework\img\grid.png","1458"
"C:\Users\saiva\OneDrive\Desktop\Live project Online shoping\staticfiles\rest_framework\docs\img\grid.png","1458"
"C:\Users\saiva\OneDrive\Desktop\Live project Online shoping\staticfiles\admin\img\gis\move_vertex_off.svg","1129"
"C:\Users\saiva\OneDrive\Desktop\Live project Online shoping\staticfiles\admin\img\gis\move_vertex_on.svg","1129"
"C:\Users\saiva\OneDrive\Desktop\Live project Online shoping\staticfiles\admin\img\sorting-icons.svg","1097"
"C:\Users\saiva\OneDrive\Desktop\Live project Online shoping\staticfiles\admin\img\icon-calendar.svg","1086"
"C:\Users\saiva\OneDrive\Desktop\Live project Online shoping\staticfiles\admin\img\icon-hidelink.svg","784"
"C:\Users\saiva\OneDrive\Desktop\Live project Online shoping\staticfiles\admin\img\icon-clock.svg","677"
"C:\Users\saiva\OneDrive\Desktop\Live project Online shoping\staticfiles\admin\img\icon-unknown.svg","655"
"C:\Users\saiva\OneDrive\Desktop\Live project Online shoping\staticfiles\admin\img\icon-unknown-alt.svg","655"
"C:\Users\saiva\OneDrive\Desktop\Live project Online shoping\staticfiles\admin\img\icon-viewlink.svg","581"
"C:\Users\saiva\OneDrive\Desktop\Live project Online shoping\staticfiles\admin\img\icon-no.svg","560"
"C:\Users\saiva\OneDrive\Desktop\Live project Online shoping\static\images\placeholder.svg","548"
"C:\Users\saiva\OneDrive\Desktop\Live project Online shoping\staticfiles\admin\img\inline-delete.svg","537"
"C:\Users\saiva\OneDrive\Desktop\Live project Online shoping\staticfiles\admin\img\icon-alert.svg","504"
"C:\Users\saiva\OneDrive\Desktop\Live project Online shoping\staticfiles\admin\img\search.svg","458"
"C:\Users\saiva\OneDrive\Desktop\Live project Online shoping\staticfiles\admin\img\icon-yes.svg","436"
"C:\Users\saiva\OneDrive\Desktop\Live project Online shoping\staticfiles\admin\img\icon-deletelink.svg","392"
"C:\Users\saiva\OneDrive\Desktop\Live project Online shoping\staticfiles\admin\img\icon-changelink.svg","380"
"C:\Users\saiva\OneDrive\Desktop\Live project Online shoping\staticfiles\admin\img\tooltag-add.svg","331"
"C:\Users\saiva\OneDrive\Desktop\Live project Online shoping\staticfiles\admin\img\icon-addlink.svg","331"
"C:\Users\saiva\OneDrive\Desktop\Live project Online shoping\staticfiles\admin\img\tooltag-arrowright.svg","280"
