path,bytes,kb,extension,sha256,width,height,format,mode,error
static/images/shirt.jpg,489466,477.99,jpg,fa497758c59042d832a7720f43855fe22378c525e2919ff916f04743cb4b9a74,1024,683,PNG,RGB,
static/images/loginbg.jpg,234349,228.86,jpg,6135ca5b209ca475b8bfebf5d48dcca06e0ed6113ed1a45e18afdb1c3a37bc06,5000,2924,JPEG,RGB,
staticfiles/images/casual_shirts.jpg,172595,168.55,jpg,367b448eba42bc4c0569c1c0ec6ec0fe4ab579bf49dd2b4afd1e5a87b48a9f18,960,1200,JPEG,RGB,
staticfiles/images/lounge_wear.jpg,118396,115.62,jpg,70d3af7c9ddd0ab98e2db49c08dc7ab8f3092b08909abb18f7033e49d4812b61,960,1200,JPEG,RGB,
staticfiles/images/jackets.jpg,99023,96.7,jpg,52816275c8139812620ca987e3d22763c67ccde6d7a6be1b8588101ed2923b08,960,1200,JPEG,RGB,
staticfiles/images/sweatshirts.jpg,93706,91.51,jpg,42202822356d7c675075d183ba2bc991c1209766e4583a2cd385315c359fcad1,960,1200,JPEG,RGB,
static/images/sweatshirts.jpg,93706,91.51,jpg,42202822356d7c675075d183ba2bc991c1209766e4583a2cd385315c359fcad1,960,1200,JPEG,RGB,
staticfiles/images/logo1.dff6f0c10b34.png,90281,88.17,png,30d1ab505e2c231e389e62037b29f0c7eb52419b30c73d7f2944ba826f6efe4c,500,500,PNG,RGBA,
static/images/logo1.png,90281,88.17,png,30d1ab505e2c231e389e62037b29f0c7eb52419b30c73d7f2944ba826f6efe4c,500,500,PNG,RGBA,
staticfiles/images/joggers.jpg,87276,85.23,jpg,d3018583811d9a814920d21267963c5542991ad9585e727aacd1a2348fff26c1,960,1200,JPEG,RGB,
staticfiles/images/cargo_pants.jpg,84295,82.32,jpg,7c14a060a5ece7a906d6892e93958aa003d45dc928bbf88496468ba204deda5e,960,1200,JPEG,RGB,
staticfiles/images/tank_tops_vests.jpg,72587,70.89,jpg,c21dc9203b1ee73cc97bfb3de107b07654a19bdeef650302fc1deb0462db0ec7,960,1200,JPEG,RGB,
static/images/tank_tops_vests.jpg,72587,70.89,jpg,c21dc9203b1ee73cc97bfb3de107b07654a19bdeef650302fc1deb0462db0ec7,960,1200,JPEG,RGB,
staticfiles/images/track_pants.jpg,57947,56.59,jpg,f59987763b26acda76d1a46c58868654c08492b0743e252fd63a7d3eae512df1,960,1200,JPEG,RGB,
static/images/sweatshirts.webp,47118,46.01,webp,42994fc30422331e2d0db89225abb3d5d09724829e60cd7b9bc1f2ddb9bcbead,960,1200,WEBP,RGB,
static/images/tank_tops_vests.webp,32508,31.75,webp,1dd88bd3ebd436584cde66ff9a303644d25d371cc45ee7fe7dd381809bd391a6,960,1200,WEBP,RGB,
static/images/shirt.webp,29632,28.94,webp,a6dbf9c38bc49fb8e56ff160247b89ed6b0f7aa2c69a025030e4a11d00d7252a,1024,683,WEBP,RGB,
static/images/loginbg.webp,20144,19.67,webp,aa34188dc87affe21794f10040562d9fa53328db50730e5f96e6da8f0f87d63c,1600,936,WEBP,RGB,
static/images/allen-solly-formal-shirts.jpg,19676,19.21,jpg,0d3c90ea38c5f06732a4fcba598e85b999dcbf4c5156b443ed2d5c33aa5f8bcc,800,800,JPEG,RGB,
static/images/american-tourister-bags.jpg,19637,19.18,jpg,1c6670923980fcedf5fd38279f8706640849d412ad74e93d9ab19e57b19e81ca,800,800,JPEG,RGB,
static/images/allen-solly-polo-shirts.jpg,19189,18.74,jpg,ea92c841cb4949d957bee7b565d14c424505c530c2930b3155e0dabc7d7044cd,800,800,JPEG,RGB,
static/images/bags-accessories.jpg,18934,18.49,jpg,20770f1afae58362124a335473763cef088ac59c80cfa18a239f221c9da26d1d,800,800,JPEG,RGB,
static/images/polaroid-sunglasses.jpg,18812,18.37,jpg,b97b91b26b38e9ac803047350c5a41462fd3bb2cc3c643fd862433cc18a9243b,800,800,JPEG,RGB,
static/images/biba-kids-ethnic-wear.jpg,18449,18.02,jpg,b30f51e32b03b7e328305fa98b984b2363b830ae029a7a398fb4aaeac2343eed,800,800,JPEG,RGB,
static/images/allen-solly-blazers.jpg,18414,17.98,jpg,ed2112a7add07bc332d027e4c74d82eae5545edaf77a2e1919e58fcf94b890fa,800,800,JPEG,RGB,
static/images/idee-sunglasses.jpg,18100,17.68,jpg,0cfcf5b070c0461d59e4a9fb6fd7ba2e54d5f6a6107b60db692cc514b06f9ae6,800,800,JPEG,RGB,
static/images/fabindia-sherwanis.jpg,18077,17.65,jpg,dbed82e0769dc2a92e5209b30977b9f27df279bd2f3c31cbc94b592a346fcc1f,800,800,JPEG,RGB,
static/images/allen-solly-belts.jpg,17984,17.56,jpg,2a36aa75fa2ff5da7b289d1009c86263f9f865e5f4255443ef5c8078fc4ec00a,800,800,JPEG,RGB,
static/images/men-s-accessories.jpg,17924,17.5,jpg,7deadb9d505c77fbaa457646487a646775cb58d925be6302d4461fe1021559ca,800,800,JPEG,RGB,
static/images/fastrack-watches.jpg,17892,17.47,jpg,6f8f6b43abd79579f18a358a87ce11bffce64b12e7ae8724557789402d1127a5,800,800,JPEG,RGB,
static/images/baggit-wallets.jpg,17871,17.45,jpg,fd5945d411994cb8a836d7323ba681962f7f18d825476301c06ee367323f7144,800,800,JPEG,RGB,
static/images/adidas-sneakers.jpg,17674,17.26,jpg,c15e8cc58a805c464b08387596f14495e8d48ba861a5fdca90b7286cfc146e42,800,800,JPEG,RGB,
static/images/baggit-belts.jpg,17635,17.22,jpg,0b16463e1e588cea1bbfa79fee93942e2de76279718eae1c7965c253574eeaf8,800,800,JPEG,RGB,
static/images/bata-dress-shoes.jpg,17594,17.18,jpg,6f2058bfcc2b811815c2f3925b6a74513c599a196ef8140a842f42623fed3e33,800,800,JPEG,RGB,
static/images/kisah-sherwanis.jpg,17402,16.99,jpg,eecbc631e476d3c0057d12c6487fd12d6f9afea1f98a6a785acbb943e1c22533,800,800,JPEG,RGB,
static/images/logo1.webp,17268,16.86,webp,a3a9ca0f52f2fcc1b037d575a2f9a7c01c72e5900c883acb2379f4869b71c89b,500,500,WEBP,RGBA,
static/images/adidas-t-shirts.jpg,17217,16.81,jpg,5cd8d57e0359e5c579f0675a6f09c510eaf9b542b630a28f34375670ae2aba30,800,800,JPEG,RGB,
static/images/casio-watches.jpg,17089,16.69,jpg,4629a938de7e20553de263656e2903b82064f16fcf64887c192376660d60ce09,800,800,JPEG,RGB,
static/images/cargo-pants.jpg,17038,16.64,jpg,39ce9072121e5f4a21051494cf206db6a2f6085cfd5f71b26eb3cd46d518e09e,800,800,JPEG,RGB,
static/images/fossil-wallets.jpg,17030,16.63,jpg,a0d19932a727d2f0d3678cb3024145e9519a412c17a013b32bf0217f61353331,800,800,JPEG,RGB,
static/images/sunglasses.jpg,17020,16.62,jpg,a8c7b7b62f5ac50ff216787d8b21ffc6a5fab979ee81d8712af77ac32db88b05,800,800,JPEG,RGB,
static/images/aurelia-kurtas.jpg,16914,16.52,jpg,48c0d13a3effe62d47a289b9af9575a84f40fb1b86f23a3c9ce8e3ec017f5054,800,800,JPEG,RGB,
static/images/nike-t-shirts.jpg,16838,16.44,jpg,100a13abcfb453e73c0c81c0361a1fe979aadf95f3f466ec815244a78f83a47f,800,800,JPEG,RGB,
static/images/levis-wallets.jpg,16823,16.43,jpg,0b1aa6f8dba70ad01ab0947ef90e8e91ef51bffa6fd111039cc72561a7fe8ad4,800,800,JPEG,RGB,
static/images/levis-belts.jpg,16661,16.27,jpg,5ddb3e29d6bae7a683ef7dfaa0e6eb20e0c39858b51a71a77580bf52fee9cdd8,800,800,JPEG,RGB,
static/images/wallets.jpg,16015,15.64,jpg,f58ca0f45a9271f9c3c73eca4781e92750cfe7e43bbcffd5ff995e2d13e457c2,800,800,JPEG,RGB,
static/images/suits.jpg,15524,15.16,jpg,be64a8df9869f05a5e2b406880929fcd8b1349b380dbd7bb338dc2601ac1b5e6,800,800,JPEG,RGB,
static/images/belts.jpg,15393,15.03,jpg,92175645058c4bc1be43c17cc5efe1093e395f9bad48d929790968b7f150d957,800,800,JPEG,RGB,
static/images/american-tourister-bags.webp,5078,4.96,webp,834b62ad32bc4dcaad63f518dfa910a3fe3e4137cf72e211a643086723fb9b64,800,800,WEBP,RGB,
static/images/allen-solly-formal-shirts.webp,4744,4.63,webp,ccde0640399f8b4561cdc4a078ff22c6713289c17dcfa0d56e6e95549bd74fd8,800,800,WEBP,RGB,
static/images/bags-accessories.webp,4628,4.52,webp,d334ca3a7fc5efa575715cdef68b4eb93efeb5947892f3e561cedd4924f78e6a,800,800,WEBP,RGB,
static/images/biba-kids-ethnic-wear.webp,4496,4.39,webp,83e0f4de8994ce075cacfdd3182b56d4a33cb0fe49b4a99a496f81c895e85ade,800,800,WEBP,RGB,
static/images/polaroid-sunglasses.webp,4412,4.31,webp,65c09809d6f359704d46a8fd1b46b090441adb6f88cf4a84ff31ef958374d492,800,800,WEBP,RGB,
static/images/allen-solly-polo-shirts.webp,4356,4.25,webp,57bf5c3e04b5cb678e4910029179476816827977a2ffa6d360aa422b9cb6c318,800,800,WEBP,RGB,
static/images/fabindia-sherwanis.webp,4184,4.09,webp,456eaa8771af97c3240453ab10b0c40f5e85fafb18fd3c544707d5921bd4c7cd,800,800,WEBP,RGB,
static/images/idee-sunglasses.webp,4098,4.0,webp,0ee9c849bdf2a6fdec1a504d8a5ed76102efca6fa7e20afd7b919ac82c993b01,800,800,WEBP,RGB,
static/images/fastrack-watches.webp,4048,3.95,webp,f3ac3be66ef53b6edfe5aa5111bf0cea41128aec37537f0c8cf89ea325482c49,800,800,WEBP,RGB,
static/images/bata-dress-shoes.webp,3942,3.85,webp,676f4efccecadac7afbc699e835873bfeb6929706c61c05b1d091adcc069aa1a,800,800,WEBP,RGB,
static/images/men-s-accessories.webp,3942,3.85,webp,3229a827585009666f886f35eb5a4612ad9527225911d28d346b064075355b58,800,800,WEBP,RGB,
static/images/adidas-sneakers.webp,3906,3.81,webp,a52ddf31d3115f0b89826b17938c9b1553d806caa84e2fa672d1ffb26ae3f084,800,800,WEBP,RGB,
static/images/allen-solly-blazers.webp,3882,3.79,webp,95a930f7808f2f4693e0a56ae1e3273c854fb5244e420dd0052bb15a50f5cfe3,800,800,WEBP,RGB,
static/images/kisah-sherwanis.webp,3850,3.76,webp,6bcd1e2194f54adbcf1d9737129a2877339b320e66467d6c81efc71beea845ae,800,800,WEBP,RGB,
static/images/baggit-wallets.webp,3756,3.67,webp,dcb57ca0274bd2c96fb5b329c5b8a6cb72b2246e74e2efc08cb08a019be10ca5,800,800,WEBP,RGB,
static/images/allen-solly-belts.webp,3658,3.57,webp,984e32498dfbd84d3c3f4311a5cb682d10a021d3555f06e9f1dad0bc7c48119c,800,800,WEBP,RGB,
static/images/casio-watches.webp,3634,3.55,webp,d9c8386d00d71ceeb1267994e9d946de7abdff749fb835ec471cc37618431775,800,800,WEBP,RGB,
static/images/adidas-t-shirts.webp,3502,3.42,webp,e2528049e6d4d7a8ff9cef4dda1e53b60a8c82e69edcdc155100ffb874207ae6,800,800,WEBP,RGB,
static/images/baggit-belts.webp,3494,3.41,webp,17f42181e7a3c80f1874cf33dacd68bd8da94ab4fe6504bfbc69b19aa50340e0,800,800,WEBP,RGB,
static/images/fossil-wallets.webp,3430,3.35,webp,9f3e650df5958dace3d3bb3c2fdca8de6d2b1dde06dd71e9ace87c51035263d2,800,800,WEBP,RGB,
static/images/aurelia-kurtas.webp,3368,3.29,webp,748740edd0efb25885ac4de6c65274a10dc65fdc6d9fbf5e88d78233dc46f6f5,800,800,WEBP,RGB,
static/images/levis-wallets.webp,3340,3.26,webp,a036cde6f09db37621c74a0fb5264186bb055914b575feb2df4c6589b00216ef,800,800,WEBP,RGB,
static/images/sunglasses.webp,3318,3.24,webp,40d719bc92739515d746859bb4689d7ec633d20327c68b5a57fd4da514c3c46a,800,800,WEBP,RGB,
staticfiles/admin/img/selector-icons.b4555096cea2.svg,3291,3.21,svg,d11272aee949fd447d6983fb59bbece6361ac815612e85d1dbacdac0d319d094,,,,,
staticfiles/admin/img/selector-icons.svg,3291,3.21,svg,d11272aee949fd447d6983fb59bbece6361ac815612e85d1dbacdac0d319d094,,,,,
static/images/cargo-pants.webp,3264,3.19,webp,28c21aecb749ac56ceca4831d9738d08ad50c0c94bdca4753225d92e0f7b0f22,800,800,WEBP,RGB,
staticfiles/images/categories/womens.a614c3bda267.jpg,3219,3.14,jpg,733c186ac06ccedded4a0757e2b43b14a753b185079e84a56c2b470c078e0de6,400,300,JPEG,RGB,
staticfiles/images/categories/womens.jpg,3219,3.14,jpg,733c186ac06ccedded4a0757e2b43b14a753b185079e84a56c2b470c078e0de6,400,300,JPEG,RGB,
staticfiles/images/loginbg.0d4e1f1be7ee.jpg,3211,3.14,jpg,f3467e496eed670fc4339e4849433ce7679cfb5504f6cf0c8584b521a4712b20,400,300,JPEG,RGB,
staticfiles/images/loginbg.jpg,3211,3.14,jpg,f3467e496eed670fc4339e4849433ce7679cfb5504f6cf0c8584b521a4712b20,400,300,JPEG,RGB,
staticfiles/images/menstshirts.71cb045005a2.jpg,3176,3.1,jpg,e7972b611d965ad4ce6574a12f261181590f884d6e37f3fc6533aa237a3d07bd,400,300,JPEG,RGB,
staticfiles/images/menstshirts.jpg,3176,3.1,jpg,e7972b611d965ad4ce6574a12f261181590f884d6e37f3fc6533aa237a3d07bd,400,300,JPEG,RGB,
static/images/menstshirts.jpg,3176,3.1,jpg,e7972b611d965ad4ce6574a12f261181590f884d6e37f3fc6533aa237a3d07bd,400,300,JPEG,RGB,
staticfiles/images/men_shirt_black_front.1b692fcea1a4.jpg,3168,3.09,jpg,edd4e227bae313ba9343b2ca0ae23d607bc48942c9a95457ebcc7b12bdd2098a,400,300,JPEG,RGB,
staticfiles/images/men_shirt_black_front.jpg,3168,3.09,jpg,edd4e227bae313ba9343b2ca0ae23d607bc48942c9a95457ebcc7b12bdd2098a,400,300,JPEG,RGB,
static/images/men_shirt_black_front.jpg,3168,3.09,jpg,edd4e227bae313ba9343b2ca0ae23d607bc48942c9a95457ebcc7b12bdd2098a,400,300,JPEG,RGB,
static/images/nike-t-shirts.webp,3112,3.04,webp,28d7aefecad38c909efc51f9ff6354284eed485c3dd4f4d2541c37482bfc2492,800,800,WEBP,RGB,
staticfiles/images/categories/mens.2f5304e2f3d5.jpg,3094,3.02,jpg,ac79f5d220816df7a859fec00b2bf497a684fc0dc6e57492222fbe2664e82724,400,300,JPEG,RGB,
staticfiles/images/categories/mens.jpg,3094,3.02,jpg,ac79f5d220816df7a859fec00b2bf497a684fc0dc6e57492222fbe2664e82724,400,300,JPEG,RGB,
staticfiles/images/categories/kids.3c4c4cf3c774.jpg,3047,2.98,jpg,946d926da543401a18ace6a613b1750b68e484027fd95cc05471cfadd071b484,400,300,JPEG,RGB,
staticfiles/images/categories/kids.jpg,3047,2.98,jpg,946d926da543401a18ace6a613b1750b68e484027fd95cc05471cfadd071b484,400,300,JPEG,RGB,
staticfiles/images/men-blue-t-shirt_image1.0e5cab39b3bc.jpg,3028,2.96,jpg,294fe517d66f0f3d83ec8b29e87a1781467f2b84f563226ec3816f94d90b75e0,400,300,JPEG,RGB,
staticfiles/images/men-blue-t-shirt_image1.jpg,3028,2.96,jpg,294fe517d66f0f3d83ec8b29e87a1781467f2b84f563226ec3816f94d90b75e0,400,300,JPEG,RGB,
staticfiles/images/ethicwearebg.d7405171087b.jpeg,3006,2.94,jpeg,b93655e323aab8cce6df1f4dd7acc19bb75da09f31bb9c8b10ef5645fc174e9d,400,300,JPEG,RGB,
staticfiles/images/ethicwearebg.jpeg,3006,2.94,jpeg,b93655e323aab8cce6df1f4dd7acc19bb75da09f31bb9c8b10ef5645fc174e9d,400,300,JPEG,RGB,
static/images/levis-belts.webp,2938,2.87,webp,2d534b28f53dc7d1eaaaa3331cc2f3f1b32ca188d926525fc3e51b39f529033d,800,800,WEBP,RGB,
staticfiles/images/mens.9d89f6c13237.jpg,2793,2.73,jpg,1d6eee83d0c0b9e5d34b8fb480e97889de252440c365e79e3ea22a2282abe9d8,400,300,JPEG,RGB,
staticfiles/images/mens.jpg,2793,2.73,jpg,1d6eee83d0c0b9e5d34b8fb480e97889de252440c365e79e3ea22a2282abe9d8,400,300,JPEG,RGB,
staticfiles/images/shirt.ed2b0910ae0e.jpg,2745,2.68,jpg,84d1bb0a025ee62a7cb7a723cc21c88a60cbde5d60a1ddd45311317ff66500e7,400,300,JPEG,RGB,
staticfiles/images/shirt.jpg,2745,2.68,jpg,84d1bb0a025ee62a7cb7a723cc21c88a60cbde5d60a1ddd45311317ff66500e7,400,300,JPEG,RGB,
static/images/wallets.webp,2634,2.57,webp,11d5a559d24cf27ce43986c68ca33eddcb74c4e5974aa6a32464a57d65821925,800,800,WEBP,RGB,
staticfiles/admin/img/calendar-icons.93ab098d1ac1.svg,2455,2.4,svg,54fce3b74f82c2115a885d89c97d928c490fb842d4ed09611f8521b96666597d,,,,,
staticfiles/admin/img/calendar-icons.svg,2455,2.4,svg,54fce3b74f82c2115a885d89c97d928c490fb842d4ed09611f8521b96666597d,,,,,
static/images/suits.webp,2244,2.19,webp,f846f92f1b007caffd1e6825c78dc756865e9ab6634074d7ee3a284078cbc9c3,800,800,WEBP,RGB,
static/images/belts.webp,2242,2.19,webp,902dc82a9f1024a166191efbb47e079aa0a724e1686588d48f2e9944ffa5e775,800,800,WEBP,RGB,
staticfiles/images/logo1.1a318e8cbdac.png,2235,2.18,png,38e79720d2089890f593436a4859e0c019b1fd4f743f6bfea269f39f9be80527,400,300,PNG,RGB,
staticfiles/images/logo1.png,2235,2.18,png,38e79720d2089890f593436a4859e0c019b1fd4f743f6bfea269f39f9be80527,400,300,PNG,RGB,
staticfiles/images/mens_accessories.8b4485dde4be.png,2211,2.16,png,387e55c72bcb1eab934f1d641858f37afeff415ab1f0aa343f4fdf822b51ce19,400,300,PNG,RGB,
staticfiles/images/mens_accessories.png,2211,2.16,png,387e55c72bcb1eab934f1d641858f37afeff415ab1f0aa343f4fdf822b51ce19,400,300,PNG,RGB,
static/images/mens_accessories.png,2211,2.16,png,387e55c72bcb1eab934f1d641858f37afeff415ab1f0aa343f4fdf822b51ce19,400,300,PNG,RGB,
staticfiles/images/mens_tshirts.544a41d58e55.png,2098,2.05,png,2fd2eb874c7f482940761538c8e195b741eb3e760fce28c5bee92d0ce9b250f1,400,300,PNG,RGB,
staticfiles/images/mens_tshirts.png,2098,2.05,png,2fd2eb874c7f482940761538c8e195b741eb3e760fce28c5bee92d0ce9b250f1,400,300,PNG,RGB,
staticfiles/images/mens_shoes.03785c0c60cd.png,2019,1.97,png,201e3f3fea9c963da18e90ccdc5c88eb8b4171936d41dfeb16d20a5db140af5f,400,300,PNG,RGB,
staticfiles/images/mens_shoes.png,2019,1.97,png,201e3f3fea9c963da18e90ccdc5c88eb8b4171936d41dfeb16d20a5db140af5f,400,300,PNG,RGB,
static/images/mens_shoes.png,2019,1.97,png,201e3f3fea9c963da18e90ccdc5c88eb8b4171936d41dfeb16d20a5db140af5f,400,300,PNG,RGB,
staticfiles/images/mens_shirts.e527c2e71995.png,2016,1.97,png,0c26474d8802abc460fbb93fdc79cec9b487a92f060102a9e1915fb2881bedbc,400,300,PNG,RGB,
staticfiles/images/mens_shirts.png,2016,1.97,png,0c26474d8802abc460fbb93fdc79cec9b487a92f060102a9e1915fb2881bedbc,400,300,PNG,RGB,
staticfiles/images/women.fef76b26cfd8.png,1820,1.78,png,2f5edcf15a3f777f9f9e5b335ce5ffb411fc98f44dfc63e5b425b74960a89379,400,300,PNG,RGB,
staticfiles/images/women.png,1820,1.78,png,2f5edcf15a3f777f9f9e5b335ce5ffb411fc98f44dfc63e5b425b74960a89379,400,300,PNG,RGB,
static/images/women.png,1820,1.78,png,2f5edcf15a3f777f9f9e5b335ce5ffb411fc98f44dfc63e5b425b74960a89379,400,300,PNG,RGB,
staticfiles/django_extensions/img/indicator.03ce3dcc84af.gif,1553,1.52,gif,d3e3944d4649450dee66a55c69eeced2d825b6ca1a349f72c75fd3780ae3f006,16,16,GIF,P,
staticfiles/django_extensions/img/indicator.gif,1553,1.52,gif,d3e3944d4649450dee66a55c69eeced2d825b6ca1a349f72c75fd3780ae3f006,16,16,GIF,P,
staticfiles/images/kids.cd3e121f4754.png,1508,1.47,png,27c1ba58c50b68704122c168860345441ff5626a653d7d04903f834a82836296,400,300,PNG,RGB,
staticfiles/images/kids.png,1508,1.47,png,27c1ba58c50b68704122c168860345441ff5626a653d7d04903f834a82836296,400,300,PNG,RGB,
static/images/kids.png,1508,1.47,png,27c1ba58c50b68704122c168860345441ff5626a653d7d04903f834a82836296,400,300,PNG,RGB,
staticfiles/admin/img/gis/move_vertex_off.7a23bf31ef8a.svg,1129,1.1,svg,a2efa9a54372cb941908a15895caf3181c041224c35f99a626f33cae9c02e433,,,,,
staticfiles/admin/img/gis/move_vertex_off.svg,1129,1.1,svg,a2efa9a54372cb941908a15895caf3181c041224c35f99a626f33cae9c02e433,,,,,
staticfiles/admin/img/gis/move_vertex_on.0047eba25b67.svg,1129,1.1,svg,0e099c7b35839acff756182a8185069fe446147c927013f431e5fc3f01f2fe71,,,,,
staticfiles/admin/img/gis/move_vertex_on.svg,1129,1.1,svg,0e099c7b35839acff756182a8185069fe446147c927013f431e5fc3f01f2fe71,,,,,
staticfiles/admin/img/sorting-icons.3a097b59f104.svg,1097,1.07,svg,702bdca788b7300afe9a8f0b13f87c651bb72c3ecc6bd06da4afa9db83b79550,,,,,
staticfiles/admin/img/sorting-icons.svg,1097,1.07,svg,702bdca788b7300afe9a8f0b13f87c651bb72c3ecc6bd06da4afa9db83b79550,,,,,
staticfiles/admin/img/icon-calendar.ac7aea671bea.svg,1086,1.06,svg,fdb705edafd1f7852939f2dff91d29955a1b35479e4eda3d50c89420705c4876,,,,,
staticfiles/admin/img/icon-calendar.svg,1086,1.06,svg,fdb705edafd1f7852939f2dff91d29955a1b35479e4eda3d50c89420705c4876,,,,,
static/images/menstshirts.webp,1020,1.0,webp,4ec3a98b38f1d1d56da92ea00eae7720702b47692246bb4c18accad65d54c82c,400,300,WEBP,RGB,
static/images/men_shirt_black_front.webp,1008,0.98,webp,aa5b65f43bfcc4224cb6e75b348ff0e3453825b02fc3a7cd6d7c069f0d513cfe,400,300,WEBP,RGB,
static/images/mens_accessories.webp,938,0.92,webp,da00af2fe02717b3874542fcedc08333c5ea378e5fed3b9282cc51bd46e9ee8f,400,300,WEBP,RGB,
static/images/mens_shoes.webp,792,0.77,webp,83579bccd074a9db2e4d5c336f11b05659600cbbfa6e78693f67346876115e3f,400,300,WEBP,RGB,
staticfiles/admin/img/icon-hidelink.8d245a995e18.svg,784,0.77,svg,e0c1a2727b4e1643eeac1f4b5bf202fb437cf165cabeb431572041f69e603130,,,,,
staticfiles/admin/img/icon-hidelink.svg,784,0.77,svg,e0c1a2727b4e1643eeac1f4b5bf202fb437cf165cabeb431572041f69e603130,,,,,
staticfiles/admin/img/icon-clock.e1d4dfac3f2b.svg,677,0.66,svg,939e58bfa47af93c92f2194bdcac9ed0830d8a180e4458e82631d8db5beda440,,,,,
staticfiles/admin/img/icon-clock.svg,677,0.66,svg,939e58bfa47af93c92f2194bdcac9ed0830d8a180e4458e82631d8db5beda440,,,,,
staticfiles/admin/img/icon-unknown-alt.81536e128bb6.svg,655,0.64,svg,2f22fda09b51d14e3d9061d828cc669a6d6f030deab1f5d1eeecd91fbeac67f8,,,,,
staticfiles/admin/img/icon-unknown-alt.svg,655,0.64,svg,2f22fda09b51d14e3d9061d828cc669a6d6f030deab1f5d1eeecd91fbeac67f8,,,,,
staticfiles/admin/img/icon-unknown.a18cb4398978.svg,655,0.64,svg,78f7179728bb7286ff21c24ea59ebaba2ca6c8580c3c797ca7d8849ff784ddf7,,,,,
staticfiles/admin/img/icon-unknown.svg,655,0.64,svg,78f7179728bb7286ff21c24ea59ebaba2ca6c8580c3c797ca7d8849ff784ddf7,,,,,
static/images/women.webp,628,0.61,webp,d6867af0ef24219f5d21219732d623183dff9772059d815e5cb9333717a260f8,400,300,WEBP,RGB,
staticfiles/admin/img/icon-viewlink.41eb31f7826e.svg,581,0.57,svg,34bedf732ee640e43dd6c473c685512dfcd6cd7051539f5c14034eac63b058cd,,,,,
staticfiles/admin/img/icon-viewlink.svg,581,0.57,svg,34bedf732ee640e43dd6c473c685512dfcd6cd7051539f5c14034eac63b058cd,,,,,
staticfiles/admin/img/icon-no.439e821418cd.svg,560,0.55,svg,42a05a4ebae9dca8582712d807913ed1c9ffb3803f63c3c89987568df41233e7,,,,,
staticfiles/admin/img/icon-no.svg,560,0.55,svg,42a05a4ebae9dca8582712d807913ed1c9ffb3803f63c3c89987568df41233e7,,,,,
staticfiles/admin/img/inline-delete.358e965fe3e7.svg,537,0.52,svg,197e97a6f8c449279ef92045548247b991639572ac41582b8b66e562c518c3e0,,,,,
staticfiles/admin/img/inline-delete.svg,537,0.52,svg,197e97a6f8c449279ef92045548247b991639572ac41582b8b66e562c518c3e0,,,,,
static/images/kids.webp,524,0.51,webp,ba80eb04c70eb4edb3c7d08f3879401b3e5e14b570003256e24acbc74ff3ba53,400,300,WEBP,RGB,
staticfiles/admin/img/icon-alert.034cc7d8a67f.svg,504,0.49,svg,697b5df4f03aead71c96cf9325fc84090ae6756ae3f11396282d2d24a6bbb700,,,,,
staticfiles/admin/img/icon-alert.svg,504,0.49,svg,697b5df4f03aead71c96cf9325fc84090ae6756ae3f11396282d2d24a6bbb700,,,,,
staticfiles/admin/img/search.7cf54ff789c6.svg,458,0.45,svg,1e0bcb3cd4fb15f818be66edd40975ca15e09b3607ccc83c06e0cb9d4f6aa4c5,,,,,
staticfiles/admin/img/search.svg,458,0.45,svg,1e0bcb3cd4fb15f818be66edd40975ca15e09b3607ccc83c06e0cb9d4f6aa4c5,,,,,
staticfiles/admin/img/icon-yes.d2f9f035226a.svg,436,0.43,svg,fc7e09a8bcb027e371a0f2ea4aa93d68625cc44759c2d485b9ad53b88f6421c3,,,,,
staticfiles/admin/img/icon-yes.svg,436,0.43,svg,fc7e09a8bcb027e371a0f2ea4aa93d68625cc44759c2d485b9ad53b88f6421c3,,,,,
staticfiles/admin/img/icon-deletelink.564ef9dc3854.svg,392,0.38,svg,d3a5ce1e8e72e7d51f341b4ef233011d0aa65edf149a886548c96852e67a7740,,,,,
staticfiles/admin/img/icon-deletelink.svg,392,0.38,svg,d3a5ce1e8e72e7d51f341b4ef233011d0aa65edf149a886548c96852e67a7740,,,,,
staticfiles/admin/img/icon-changelink.7eddb320e61f.svg,380,0.37,svg,a6309c94b0c6f2fbd099f664155cc5330d422deafddf4cda7c8f1782f0cdf3a7,,,,,
staticfiles/admin/img/icon-changelink.svg,380,0.37,svg,a6309c94b0c6f2fbd099f664155cc5330d422deafddf4cda7c8f1782f0cdf3a7,,,,,
staticfiles/admin/img/icon-addlink.073aeb1feda7.svg,331,0.32,svg,ff96d142f13157048fe03b11cc86fec83c2eb6e7edd919072ea7227dd956ca91,,,,,
staticfiles/admin/img/icon-addlink.svg,331,0.32,svg,ff96d142f13157048fe03b11cc86fec83c2eb6e7edd919072ea7227dd956ca91,,,,,
staticfiles/admin/img/tooltag-add.e59d620a9742.svg,331,0.32,svg,7d3642a2e18c242e90ab6c65ab0fe1f5f168755b4b98332ba6665a7065496194,,,,,
staticfiles/admin/img/tooltag-add.svg,331,0.32,svg,7d3642a2e18c242e90ab6c65ab0fe1f5f168755b4b98332ba6665a7065496194,,,,,
staticfiles/admin/img/tooltag-arrowright.bbfb788a849e.svg,280,0.27,svg,18802acbfe0ea2bf5c0cc342d9f49a10687ede0a9272fa9111a50b9e2c77c077,,,,,
staticfiles/admin/img/tooltag-arrowright.svg,280,0.27,svg,18802acbfe0ea2bf5c0cc342d9f49a10687ede0a9272fa9111a50b9e2c77c077,,,,,
