"Original","OriginalStatus","OriginalBytes","WebP","WebPStatus","WebPBytes","SavedBytes","SavedPercent"
"shirt.jpg","200","489466","shirt.webp","200","29632","459834","93.9"
"loginbg.jpg","200","234349","loginbg.webp","200","20144","214205","91.4"
"logo1.png","200","90281","logo1.webp","200","17268","73013","80.9"
"sweatshirts.jpg","200","93706","sweatshirts.webp","200","47118","46588","49.7"
"tank_tops_vests.jpg","200","72587","tank_tops_vests.webp","200","32508","40079","55.2"
"allen-solly-formal-shirts.jpg","200","19676","allen-solly-formal-shirts.webp","200","4744","14932","75.9"
"allen-solly-polo-shirts.jpg","200","19189","allen-solly-polo-shirts.webp","200","4356","14833","77.3"
"american-tourister-bags.jpg","200","19637","american-tourister-bags.webp","200","5078","14559","74.1"
"allen-solly-blazers.jpg","200","18414","allen-solly-blazers.webp","200","3882","14532","78.9"
"polaroid-sunglasses.jpg","200","18812","polaroid-sunglasses.webp","200","4412","14400","76.5"
"allen-solly-belts.jpg","200","17984","allen-solly-belts.webp","200","3658","14326","79.7"
"bags-accessories.jpg","200","18934","bags-accessories.webp","200","4628","14306","75.6"
"baggit-belts.jpg","200","17635","baggit-belts.webp","200","3494","14141","80.2"
"baggit-wallets.jpg","200","17871","baggit-wallets.webp","200","3756","14115","79"
"idee-sunglasses.jpg","200","18100","idee-sunglasses.webp","200","4098","14002","77.4"
"men-s-accessories.jpg","200","17924","men-s-accessories.webp","200","3942","13982","78"
"biba-kids-ethnic-wear.jpg","200","18449","biba-kids-ethnic-wear.webp","200","4496","13953","75.6"
"fabindia-sherwanis.jpg","200","18077","fabindia-sherwanis.webp","200","4184","13893","76.9"
"fastrack-watches.jpg","200","17892","fastrack-watches.webp","200","4048","13844","77.4"
"cargo-pants.jpg","200","17038","cargo-pants.webp","200","3264","13774","80.8"
"adidas-sneakers.jpg","200","17674","adidas-sneakers.webp","200","3906","13768","77.9"
"nike-t-shirts.jpg","200","16838","nike-t-shirts.webp","200","3112","13726","81.5"
"levis-belts.jpg","200","16661","levis-belts.webp","200","2938","13723","82.4"
"adidas-t-shirts.jpg","200","17217","adidas-t-shirts.webp","200","3502","13715","79.7"
"sunglasses.jpg","200","17020","sunglasses.webp","200","3318","13702","80.5"
"bata-dress-shoes.jpg","200","17594","bata-dress-shoes.webp","200","3942","13652","77.6"
"fossil-wallets.jpg","200","17030","fossil-wallets.webp","200","3430","13600","79.9"
"kisah-sherwanis.jpg","200","17402","kisah-sherwanis.webp","200","3850","13552","77.9"
"aurelia-kurtas.jpg","200","16914","aurelia-kurtas.webp","200","3368","13546","80.1"
"levis-wallets.jpg","200","16823","levis-wallets.webp","200","3340","13483","80.1"
"casio-watches.jpg","200","17089","casio-watches.webp","200","3634","13455","78.7"
"wallets.jpg","200","16015","wallets.webp","200","2634","13381","83.6"
"suits.jpg","200","15524","suits.webp","200","2244","13280","85.5"
"belts.jpg","200","15393","belts.webp","200","2242","13151","85.4"
"men_shirt_black_front.jpg","200","3168","men_shirt_black_front.webp","200","1008","2160","68.2"
"menstshirts.jpg","200","3176","menstshirts.webp","200","1020","2156","67.9"
"mens_accessories.png","200","2211","mens_accessories.webp","200","938","1273","57.6"
"mens_shoes.png","200","2019","mens_shoes.webp","200","792","1227","60.8"
"women.png","200","1820","women.webp","200","628","1192","65.5"
"kids.png","200","1508","kids.webp","200","524","984","65.3"
